{
  "left": [
    [
      0.183125,
      0.16855003720238096
    ],
    [
      0.055625,
      0
    ],
    [
      0.416875,
      0.16408575148809523
    ],
    [
      0.558125,
      0.4163178943452381
    ],
    [
      0.438125,
      0.5175083705357143
    ]
  ],
  "right": [
    [
      0.996875,
      1
    ],
    [
      0.873125,
      0.6179547991071429
    ],
    [
      0.655625,
      0.5234607514880952
    ],
    [
      0.574375,
      0.6559012276785714
    ],
    [
      0.803125,
      0.7585797991071429
    ]
  ],
  "stomach": [
    [
      0.42,
      0.55
    ],
    [
      0.560625,
      0.41557384672619047
    ],
    [
      0.658125,
      0.5242047991071429
    ],
    [
      0.520625,
      0.6730143229166666
    ],
    [
      0.366875,
      0.7161690848214286
    ]
  ],
  "beak": [
    [
      0.751875,
      0.43491908482142855
    ],
    [
      0.665625,
      0.36795479910714285
    ],
    [
      0.644375,
      0.45724051339285715
    ]
  ]
}